               epoch,      train/box_loss,      train/obj_loss,      train/cls_loss,   metrics/precision,      metrics/recall,     metrics/mAP_0.5,metrics/mAP_0.5:0.95,        val/box_loss,        val/obj_loss,        val/cls_loss,               x/lr0,               x/lr1,               x/lr2
                   0,             0.09408,            0.066559,            0.068259,             0.14351,             0.12871,            0.033422,            0.012022,            0.060541,             0.02359,            0.063812,             0.00194,             0.00194,             0.08254
                   1,            0.065132,            0.066596,            0.060048,             0.17808,             0.25824,            0.079383,            0.036108,            0.049334,            0.018532,            0.059953,           0.0038772,           0.0038772,            0.064977
                   2,            0.060767,            0.062532,            0.056256,             0.18973,             0.24871,              0.1457,            0.064381,            0.046847,            0.013829,            0.055342,           0.0058015,           0.0058015,            0.047401
                   3,            0.059346,            0.063196,            0.049266,             0.26481,             0.32398,             0.19457,            0.084612,            0.048427,            0.016142,            0.048506,           0.0077129,           0.0077129,            0.029813
                   4,            0.059116,            0.061651,            0.042268,             0.21858,             0.36189,             0.24329,             0.12116,            0.044284,            0.015795,            0.042254,           0.0096114,           0.0096114,            0.012211
                   5,            0.054865,            0.059974,            0.038152,             0.44563,             0.40423,             0.34761,             0.16643,            0.040687,            0.016039,            0.038377,            0.009835,            0.009835,            0.009835
                   6,            0.052906,            0.059843,             0.03482,             0.47454,             0.42591,             0.40541,              0.2072,            0.041618,            0.013807,            0.036844,            0.009835,            0.009835,            0.009835
                   7,            0.051177,            0.057754,            0.031178,             0.41774,             0.40688,             0.37175,             0.19252,            0.040261,              0.0158,            0.036959,            0.009802,            0.009802,            0.009802
                   8,            0.050324,            0.055008,            0.029658,             0.43477,             0.54555,             0.46453,             0.23866,            0.039603,            0.014186,            0.031794,            0.009769,            0.009769,            0.009769
                   9,            0.048627,            0.057792,            0.027045,             0.46142,             0.45014,             0.42865,             0.23505,            0.037788,            0.013861,            0.031485,            0.009736,            0.009736,            0.009736
                  10,             0.04795,            0.057995,            0.025268,             0.48583,             0.54757,              0.5012,             0.26653,            0.037159,            0.013562,            0.029107,            0.009703,            0.009703,            0.009703
                  11,            0.047345,            0.056756,            0.023878,             0.50289,             0.55138,             0.53075,             0.29083,            0.037575,            0.014022,            0.026771,             0.00967,             0.00967,             0.00967
                  12,            0.046716,            0.055992,            0.022692,              0.5849,             0.58255,             0.57624,             0.32295,            0.037887,            0.012967,            0.026899,            0.009637,            0.009637,            0.009637
                  13,            0.046001,            0.055088,             0.02164,             0.64346,             0.51916,             0.56729,             0.30125,            0.038855,            0.013315,            0.026416,            0.009604,            0.009604,            0.009604
                  14,            0.044913,            0.054412,            0.020021,              0.6041,             0.55844,             0.59218,             0.32597,            0.037074,            0.013022,            0.026444,            0.009571,            0.009571,            0.009571
                  15,            0.044397,            0.053932,            0.020332,             0.58612,             0.56175,             0.58481,             0.33501,            0.037249,            0.012192,             0.02554,            0.009538,            0.009538,            0.009538
                  16,            0.044269,            0.052727,            0.020036,             0.64051,             0.54572,             0.60376,             0.36596,            0.037554,            0.012468,            0.023103,            0.009505,            0.009505,            0.009505
                  17,             0.04393,            0.053519,            0.019681,             0.65466,             0.57188,             0.63091,             0.36849,            0.036246,            0.012633,            0.025558,            0.009472,            0.009472,            0.009472
                  18,             0.04346,            0.051993,            0.020489,             0.72402,             0.52991,              0.6301,             0.35112,            0.039272,            0.013301,            0.025278,            0.009439,            0.009439,            0.009439
                  19,            0.043128,            0.051161,            0.019291,             0.64596,             0.61384,             0.65185,             0.39567,            0.034873,            0.012787,            0.021514,            0.009406,            0.009406,            0.009406
                  20,            0.043111,            0.052591,            0.019039,             0.63112,             0.63917,             0.65802,             0.38131,            0.036045,            0.012818,            0.020798,            0.009373,            0.009373,            0.009373
                  21,            0.042079,            0.052729,            0.017826,              0.5961,             0.63745,             0.64037,             0.37749,            0.035183,            0.012859,            0.021004,             0.00934,             0.00934,             0.00934
                  22,            0.042006,            0.052321,            0.017698,             0.66556,             0.61698,              0.6578,             0.38295,             0.03407,            0.012677,            0.021154,            0.009307,            0.009307,            0.009307
                  23,            0.041417,            0.050233,            0.017912,             0.68776,             0.59107,             0.65896,             0.39755,            0.035935,            0.012446,            0.023308,            0.009274,            0.009274,            0.009274
                  24,            0.041606,            0.052395,            0.017128,             0.63995,              0.6025,             0.64977,              0.3843,            0.036586,            0.012645,            0.022535,            0.009241,            0.009241,            0.009241
                  25,            0.040901,            0.050256,            0.016603,             0.72722,             0.64233,             0.69208,             0.40685,            0.035314,            0.012209,            0.024021,            0.009208,            0.009208,            0.009208
                  26,            0.039975,            0.049701,            0.016492,             0.69681,             0.60372,             0.66674,             0.40878,            0.035325,            0.012316,            0.023229,            0.009175,            0.009175,            0.009175
                  27,            0.040447,            0.050414,            0.016458,             0.71078,             0.61009,             0.69798,              0.4294,            0.034772,            0.012572,            0.020364,            0.009142,            0.009142,            0.009142
                  28,            0.040527,            0.052246,            0.015838,              0.6897,             0.60953,             0.66636,             0.39239,            0.036884,            0.012035,             0.02096,            0.009109,            0.009109,            0.009109
                  29,            0.039878,            0.050729,            0.015411,             0.70063,             0.61497,             0.69209,             0.42482,            0.035414,            0.011767,            0.018389,            0.009076,            0.009076,            0.009076
                  30,            0.040016,            0.048892,            0.015858,             0.70971,             0.64884,             0.70935,             0.42186,            0.036023,            0.011943,             0.01889,            0.009043,            0.009043,            0.009043
                  31,            0.039899,            0.048999,            0.015851,              0.7241,             0.59269,             0.67931,             0.41376,            0.033083,            0.012235,            0.020115,             0.00901,             0.00901,             0.00901
                  32,             0.03935,             0.04974,            0.015702,             0.67615,             0.63879,             0.68393,             0.43374,            0.033201,            0.012052,            0.019753,            0.008977,            0.008977,            0.008977
                  33,            0.038863,            0.047939,            0.015028,             0.73522,             0.63355,             0.69459,             0.44158,            0.034027,            0.012226,            0.019701,            0.008944,            0.008944,            0.008944
                  34,            0.038767,            0.051735,            0.014354,             0.65928,             0.69089,              0.7048,             0.44095,            0.034404,            0.011452,            0.021578,            0.008911,            0.008911,            0.008911
                  35,            0.038618,            0.048388,            0.015705,             0.64537,             0.67846,             0.69825,             0.42755,            0.034819,            0.011857,            0.020642,            0.008878,            0.008878,            0.008878
                  36,            0.038666,            0.049902,            0.015111,             0.70476,             0.60736,             0.67453,             0.42728,            0.034822,            0.011851,            0.020258,            0.008845,            0.008845,            0.008845
                  37,            0.039171,            0.048421,            0.014805,             0.71966,             0.62813,             0.70069,             0.44077,            0.034171,            0.011846,            0.019693,            0.008812,            0.008812,            0.008812
                  38,            0.038704,            0.048885,            0.014499,             0.72038,             0.62319,             0.69387,             0.42632,            0.034431,            0.011696,            0.022506,            0.008779,            0.008779,            0.008779
                  39,            0.038808,            0.048632,            0.014616,             0.69956,             0.67963,             0.72127,             0.45263,            0.034241,            0.012005,            0.021667,            0.008746,            0.008746,            0.008746
                  40,            0.038385,            0.049385,            0.015153,             0.73575,             0.57792,             0.68299,             0.43488,            0.033034,            0.011717,            0.020478,            0.008713,            0.008713,            0.008713
                  41,            0.038082,            0.047341,            0.014503,             0.70621,             0.63446,             0.70365,             0.43418,            0.032691,            0.011671,            0.019103,             0.00868,             0.00868,             0.00868
                  42,            0.037698,            0.048085,            0.014273,             0.71877,             0.61144,             0.69072,             0.43958,            0.032941,            0.011699,            0.021884,            0.008647,            0.008647,            0.008647
                  43,             0.03765,             0.04784,            0.014182,             0.74228,             0.62875,             0.71344,             0.44824,            0.033223,            0.011761,            0.019751,            0.008614,            0.008614,            0.008614
                  44,             0.03768,            0.047891,            0.013608,             0.71693,             0.66009,             0.72937,              0.4582,            0.032887,            0.011485,            0.019444,            0.008581,            0.008581,            0.008581
                  45,              0.0379,            0.050567,            0.013378,             0.68075,             0.67988,              0.7066,             0.45576,            0.033788,            0.011658,            0.018336,            0.008548,            0.008548,            0.008548
                  46,            0.037151,             0.04891,            0.012881,             0.72108,             0.68589,             0.72003,             0.45985,            0.032733,            0.011539,            0.019374,            0.008515,            0.008515,            0.008515
                  47,            0.036986,            0.047574,             0.01333,             0.68488,             0.68145,              0.7191,             0.45167,            0.033736,            0.011922,            0.020025,            0.008482,            0.008482,            0.008482
                  48,            0.037409,            0.048832,            0.013426,             0.69925,             0.63839,             0.70153,             0.44265,            0.034195,            0.011828,            0.018865,            0.008449,            0.008449,            0.008449
                  49,             0.03709,            0.047366,            0.014068,             0.70452,             0.64981,             0.71225,             0.44476,            0.033842,            0.011665,            0.019664,            0.008416,            0.008416,            0.008416
                  50,            0.036961,              0.0481,            0.013553,             0.75481,             0.64357,             0.72159,             0.45226,            0.033856,            0.011922,            0.019404,            0.008383,            0.008383,            0.008383
                  51,            0.036357,            0.048174,             0.01269,             0.69199,             0.65799,             0.68896,             0.44455,            0.033567,            0.011633,            0.020456,             0.00835,             0.00835,             0.00835
                  52,             0.03658,              0.0464,            0.013453,             0.76626,              0.6903,             0.73309,             0.46191,            0.033117,            0.011592,            0.017168,            0.008317,            0.008317,            0.008317
                  53,            0.036509,            0.046379,            0.013412,             0.68199,             0.67309,             0.71611,             0.46517,            0.031969,            0.011656,            0.020971,            0.008284,            0.008284,            0.008284
                  54,            0.036654,            0.045928,              0.0129,             0.72213,               0.678,             0.72385,             0.44908,            0.033233,            0.011475,            0.017579,            0.008251,            0.008251,            0.008251
                  55,            0.036243,            0.047157,             0.01269,             0.74334,             0.64679,             0.71945,             0.46508,            0.033517,            0.011571,            0.018966,            0.008218,            0.008218,            0.008218
                  56,            0.036257,            0.048237,            0.012648,             0.76297,             0.64405,             0.72704,              0.4711,            0.032661,            0.011572,            0.017758,            0.008185,            0.008185,            0.008185
                  57,            0.035937,            0.046202,            0.013161,             0.70054,             0.67703,             0.71109,             0.44468,            0.034237,             0.01196,            0.019016,            0.008152,            0.008152,            0.008152
                  58,            0.035631,            0.046535,            0.013253,             0.73766,              0.6147,             0.70224,             0.45564,            0.033821,            0.011789,            0.018081,            0.008119,            0.008119,            0.008119
                  59,             0.03574,            0.046473,            0.012863,             0.77138,             0.60738,             0.69985,             0.45071,            0.034188,            0.011641,             0.02426,            0.008086,            0.008086,            0.008086
                  60,            0.036308,            0.045832,            0.013815,             0.73776,             0.65677,             0.70702,             0.45652,            0.033732,            0.011933,            0.019766,            0.008053,            0.008053,            0.008053
                  61,            0.036084,            0.047269,            0.012638,             0.71636,             0.67474,             0.71385,             0.45514,            0.032727,            0.011574,            0.017504,             0.00802,             0.00802,             0.00802
                  62,            0.035863,            0.045753,            0.013268,             0.71356,             0.68998,             0.72116,             0.46068,            0.033841,            0.011647,            0.018343,            0.007987,            0.007987,            0.007987
                  63,            0.035436,            0.046083,            0.012389,             0.76431,             0.67614,             0.74631,             0.48627,            0.032396,            0.011536,            0.018083,            0.007954,            0.007954,            0.007954
                  64,            0.035234,            0.045616,            0.011978,             0.78208,             0.66033,             0.74119,             0.47281,            0.032801,            0.011223,             0.01923,            0.007921,            0.007921,            0.007921
                  65,            0.035726,            0.045442,            0.011979,             0.68827,             0.66851,             0.71331,              0.4464,            0.033717,            0.011455,             0.01922,            0.007888,            0.007888,            0.007888
                  66,            0.035785,            0.046493,             0.01269,             0.76208,             0.66486,             0.73594,             0.47702,            0.033472,            0.011608,            0.016644,            0.007855,            0.007855,            0.007855
                  67,            0.035349,            0.046849,            0.011907,             0.72585,             0.67061,             0.73456,             0.47893,            0.032374,            0.011649,            0.017596,            0.007822,            0.007822,            0.007822
                  68,            0.035486,             0.04542,            0.012268,             0.71559,             0.70613,             0.73821,             0.48961,            0.032437,            0.011296,            0.019853,            0.007789,            0.007789,            0.007789
                  69,            0.035387,            0.045078,            0.012305,             0.70829,             0.68299,             0.73857,             0.48021,            0.032477,            0.011331,            0.018921,            0.007756,            0.007756,            0.007756
                  70,            0.034988,            0.045896,            0.012274,             0.74936,             0.71561,             0.76413,             0.49102,            0.033469,             0.01124,            0.017392,            0.007723,            0.007723,            0.007723
                  71,            0.035127,            0.045138,              0.0118,             0.70164,             0.65957,             0.72266,             0.47545,            0.033519,            0.011523,            0.020325,             0.00769,             0.00769,             0.00769
                  72,            0.034757,            0.045465,            0.012082,             0.70844,             0.71872,             0.74592,             0.48695,            0.033228,            0.011351,            0.017177,            0.007657,            0.007657,            0.007657
                  73,            0.034843,            0.044817,             0.01201,             0.70505,             0.66594,             0.71821,             0.47212,            0.033036,            0.011702,            0.018164,            0.007624,            0.007624,            0.007624
                  74,             0.03427,            0.046324,            0.011551,             0.78128,             0.66413,             0.74592,             0.48208,            0.032786,            0.011335,            0.018195,            0.007591,            0.007591,            0.007591
                  75,            0.034317,            0.045411,            0.011866,             0.79615,             0.66209,             0.74456,             0.49513,               0.032,            0.011437,            0.018453,            0.007558,            0.007558,            0.007558
                  76,            0.034259,            0.045081,            0.011589,             0.76201,             0.66135,             0.72269,             0.46926,            0.033698,            0.011653,            0.019119,            0.007525,            0.007525,            0.007525
                  77,            0.034384,             0.04357,             0.01208,             0.66337,             0.70965,              0.7071,             0.44942,            0.033316,             0.01134,            0.018487,            0.007492,            0.007492,            0.007492
                  78,            0.034345,            0.044294,            0.011756,             0.71907,               0.634,             0.69976,             0.45711,            0.033006,            0.011678,            0.021459,            0.007459,            0.007459,            0.007459
                  79,            0.034394,            0.043417,            0.011995,             0.67007,             0.67165,             0.69176,             0.44793,            0.033651,            0.011671,            0.022673,            0.007426,            0.007426,            0.007426
                  80,            0.033894,            0.043667,            0.011613,              0.7172,             0.66771,             0.72255,             0.46768,            0.033543,            0.011739,            0.018157,            0.007393,            0.007393,            0.007393
                  81,            0.034618,            0.044307,            0.011773,             0.70791,              0.6681,              0.7144,              0.4622,            0.033575,            0.011705,            0.018971,             0.00736,             0.00736,             0.00736
                  82,            0.033967,            0.043891,            0.011586,             0.77013,             0.63471,             0.73092,             0.47148,            0.033251,            0.011362,            0.018348,            0.007327,            0.007327,            0.007327
                  83,             0.03425,              0.0448,            0.011577,             0.78048,             0.67289,             0.74782,             0.49436,            0.031601,            0.011088,            0.018478,            0.007294,            0.007294,            0.007294
                  84,            0.033566,            0.044294,            0.011385,             0.78244,             0.66403,             0.73601,             0.47704,            0.032541,            0.011365,            0.019011,            0.007261,            0.007261,            0.007261
                  85,            0.033667,            0.044796,            0.011395,             0.76462,             0.69266,             0.75194,             0.49307,            0.031997,            0.011516,            0.019679,            0.007228,            0.007228,            0.007228
                  86,            0.033609,            0.043881,            0.011343,             0.74419,             0.68556,             0.73916,             0.49088,            0.032627,            0.011259,            0.017342,            0.007195,            0.007195,            0.007195
                  87,            0.033889,            0.043867,            0.011508,             0.80055,             0.66286,             0.74611,             0.48671,            0.032626,            0.011284,            0.017169,            0.007162,            0.007162,            0.007162
                  88,            0.034792,            0.044025,            0.011695,             0.75638,             0.67275,              0.7377,             0.48922,            0.031101,             0.01141,            0.018895,            0.007129,            0.007129,            0.007129
                  89,             0.03424,            0.044378,            0.011706,             0.73892,             0.67803,             0.73156,             0.47527,            0.034578,            0.011407,            0.015673,            0.007096,            0.007096,            0.007096
                  90,            0.034052,            0.044858,            0.011814,             0.68793,             0.71626,             0.71669,             0.47345,            0.032197,            0.011571,            0.017785,            0.007063,            0.007063,            0.007063
                  91,            0.033511,            0.044587,            0.010959,             0.75259,             0.68696,             0.74544,             0.49712,            0.031835,             0.01129,            0.018725,             0.00703,             0.00703,             0.00703
                  92,            0.033489,            0.042442,            0.010991,             0.75816,             0.67104,             0.72846,             0.48579,            0.032437,              0.0114,            0.018669,            0.006997,            0.006997,            0.006997
                  93,            0.033665,            0.045341,            0.011104,             0.72293,             0.68735,             0.73877,             0.48352,            0.032588,            0.011506,            0.020305,            0.006964,            0.006964,            0.006964
                  94,            0.033599,            0.042706,            0.011177,             0.75966,             0.67452,             0.75065,             0.49365,            0.032356,            0.011021,            0.017865,            0.006931,            0.006931,            0.006931
                  95,            0.033661,             0.04352,            0.011347,             0.73896,             0.71537,             0.75243,             0.49555,            0.032769,            0.011146,            0.017455,            0.006898,            0.006898,            0.006898
                  96,             0.03348,            0.043614,            0.011088,             0.82787,             0.64562,             0.75442,             0.50359,            0.032056,            0.011008,            0.017607,            0.006865,            0.006865,            0.006865
                  97,            0.033435,            0.044695,            0.010954,             0.77024,             0.69897,             0.75356,             0.49699,            0.032139,            0.011564,            0.020512,            0.006832,            0.006832,            0.006832
                  98,            0.033355,            0.042387,            0.011231,             0.76388,             0.70582,             0.76957,             0.50785,            0.031881,            0.011063,            0.018486,            0.006799,            0.006799,            0.006799
                  99,            0.033252,            0.043903,            0.010673,             0.78995,             0.68911,             0.76231,             0.50687,            0.031128,            0.011339,             0.01764,            0.006766,            0.006766,            0.006766
                 100,            0.032997,            0.044116,            0.010528,             0.81946,             0.66897,              0.7574,             0.50934,            0.031821,            0.011257,            0.018021,            0.006733,            0.006733,            0.006733
                 101,            0.032947,            0.042666,            0.010749,             0.73935,             0.72341,             0.75379,             0.49906,            0.031878,            0.011291,            0.019158,              0.0067,              0.0067,              0.0067
                 102,            0.033011,             0.04467,            0.010786,             0.77353,             0.67492,             0.75723,             0.51548,            0.031403,            0.011248,             0.01825,            0.006667,            0.006667,            0.006667
                 103,            0.033729,            0.043968,            0.011152,             0.78112,             0.66383,             0.74204,             0.50086,            0.031795,             0.01124,            0.018295,            0.006634,            0.006634,            0.006634
                 104,            0.033008,            0.043933,            0.011279,             0.75933,             0.71052,               0.756,             0.50949,            0.031724,            0.010946,            0.019224,            0.006601,            0.006601,            0.006601
                 105,            0.032345,            0.042086,            0.010672,               0.772,              0.7174,             0.75431,             0.50677,            0.031521,            0.011062,            0.016072,            0.006568,            0.006568,            0.006568
                 106,            0.033192,            0.042742,            0.010774,             0.77097,             0.68522,             0.76136,             0.50689,            0.031896,            0.011095,            0.017564,            0.006535,            0.006535,            0.006535
                 107,            0.033232,            0.043762,            0.010603,             0.78919,             0.68432,             0.75697,             0.50569,            0.032729,            0.011081,            0.018426,            0.006502,            0.006502,            0.006502
                 108,            0.032245,            0.043563,            0.010337,             0.79907,             0.66986,             0.75753,             0.51207,            0.031914,            0.011032,            0.016826,            0.006469,            0.006469,            0.006469
                 109,            0.032953,            0.043584,            0.010788,             0.79292,             0.67892,             0.73787,             0.50348,            0.031893,            0.011138,            0.019536,            0.006436,            0.006436,            0.006436
                 110,            0.033082,            0.042748,            0.010662,             0.76812,             0.71283,              0.7596,             0.50848,            0.031371,            0.011196,             0.01754,            0.006403,            0.006403,            0.006403
                 111,            0.033084,            0.044072,             0.01058,             0.74083,             0.69605,             0.75233,             0.52205,            0.031923,            0.011035,            0.018587,             0.00637,             0.00637,             0.00637
                 112,            0.032292,            0.042987,            0.010027,             0.76466,             0.68076,             0.74311,             0.50575,            0.031904,            0.011088,            0.018039,            0.006337,            0.006337,            0.006337
                 113,            0.032492,            0.042954,            0.010428,             0.74308,             0.71378,             0.74921,             0.50689,            0.032483,            0.011064,            0.018679,            0.006304,            0.006304,            0.006304
                 114,            0.032516,            0.043798,            0.010487,             0.75475,             0.69352,             0.74688,             0.50895,            0.032153,            0.011364,            0.017953,            0.006271,            0.006271,            0.006271
                 115,            0.032205,            0.042623,            0.010341,             0.75296,             0.70229,             0.75609,             0.50868,            0.032035,            0.011187,            0.017986,            0.006238,            0.006238,            0.006238
                 116,            0.032231,            0.042513,            0.010095,             0.78335,              0.6874,             0.75586,             0.51516,            0.031627,            0.011049,            0.016832,            0.006205,            0.006205,            0.006205
                 117,            0.031377,            0.041795,             0.01014,             0.77897,              0.7002,             0.77524,             0.53095,            0.031206,            0.011098,            0.017192,            0.006172,            0.006172,            0.006172
                 118,            0.032291,            0.042674,            0.010321,              0.7632,             0.72009,             0.76411,             0.51586,            0.031619,            0.011172,             0.01824,            0.006139,            0.006139,            0.006139
                 119,             0.03324,             0.04339,            0.010349,             0.78613,             0.69847,             0.76614,             0.53035,            0.031773,            0.011136,            0.017668,            0.006106,            0.006106,            0.006106
                 120,            0.032663,            0.043261,            0.010631,             0.76376,             0.73151,             0.76807,             0.53137,            0.031505,            0.010876,            0.017698,            0.006073,            0.006073,            0.006073
                 121,            0.031858,            0.043239,            0.010298,             0.78417,             0.68748,             0.76273,              0.5193,            0.031437,            0.011025,            0.016903,             0.00604,             0.00604,             0.00604
                 122,            0.032331,            0.042661,            0.010469,             0.79749,             0.69712,             0.77278,              0.5248,            0.031252,             0.01088,            0.018021,            0.006007,            0.006007,            0.006007
                 123,            0.031656,            0.042227,           0.0097002,              0.7376,             0.73711,             0.76563,              0.5141,            0.031173,            0.010912,            0.018416,            0.005974,            0.005974,            0.005974
                 124,            0.031669,            0.043198,             0.01022,              0.7442,             0.70667,             0.74728,             0.50857,            0.031478,             0.01115,            0.018898,            0.005941,            0.005941,            0.005941
                 125,            0.032056,            0.041927,            0.010034,             0.80493,             0.71397,             0.76414,             0.52672,            0.031227,             0.01097,            0.017387,            0.005908,            0.005908,            0.005908
                 126,            0.031573,            0.042986,            0.010145,             0.74704,             0.73515,             0.77862,             0.53543,            0.031001,            0.010728,            0.017152,            0.005875,            0.005875,            0.005875
                 127,            0.031765,            0.042903,            0.010301,             0.76733,             0.73492,             0.78645,             0.53208,            0.031773,            0.010793,            0.016953,            0.005842,            0.005842,            0.005842
                 128,            0.031186,            0.041348,           0.0096051,             0.77669,             0.71511,             0.77911,             0.53667,            0.031364,            0.011004,             0.01662,            0.005809,            0.005809,            0.005809
                 129,            0.031426,            0.042609,            0.009756,             0.75504,             0.72972,             0.77159,             0.53101,            0.031058,            0.011126,            0.016321,            0.005776,            0.005776,            0.005776
                 130,            0.032046,            0.041539,            0.010136,             0.83662,             0.67566,              0.7795,             0.52062,            0.031658,            0.011102,            0.017265,            0.005743,            0.005743,            0.005743
                 131,             0.03166,            0.043147,            0.010432,             0.77584,             0.72172,             0.77736,             0.52187,            0.032452,            0.011235,              0.0169,             0.00571,             0.00571,             0.00571
                 132,             0.03136,            0.040963,            0.010078,             0.75317,             0.70699,             0.75856,             0.51059,            0.032278,            0.011174,            0.018122,            0.005677,            0.005677,            0.005677
                 133,            0.031475,            0.038743,            0.010586,             0.80746,             0.67995,             0.76702,              0.5151,            0.031958,            0.011107,            0.019017,            0.005644,            0.005644,            0.005644
                 134,              0.0319,             0.04138,            0.010656,             0.81383,              0.7052,             0.77449,             0.52598,            0.031562,            0.010882,             0.01832,            0.005611,            0.005611,            0.005611
                 135,            0.031783,            0.042606,           0.0099349,              0.8044,             0.70512,             0.77386,             0.53016,            0.031789,            0.010895,            0.017764,            0.005578,            0.005578,            0.005578
                 136,            0.032009,            0.042463,            0.010508,             0.81241,              0.7164,             0.79002,             0.53603,            0.031892,            0.010859,            0.017846,            0.005545,            0.005545,            0.005545
                 137,            0.032255,            0.041652,            0.010631,             0.79737,             0.69148,             0.77305,             0.52185,             0.03205,            0.011137,            0.019332,            0.005512,            0.005512,            0.005512
                 138,            0.031505,            0.041677,            0.010189,             0.79184,             0.70157,             0.77146,             0.52916,            0.031727,            0.011031,            0.018384,            0.005479,            0.005479,            0.005479
                 139,            0.030985,            0.040147,            0.009935,             0.78036,             0.72673,             0.77695,             0.52742,            0.031485,            0.011016,            0.018685,            0.005446,            0.005446,            0.005446
                 140,            0.031272,            0.040532,            0.010238,             0.76366,             0.73125,             0.77161,             0.51943,            0.031347,            0.011085,            0.018369,            0.005413,            0.005413,            0.005413
                 141,            0.031396,            0.040141,            0.010062,             0.77546,             0.70241,             0.78293,             0.52863,            0.030913,            0.011079,            0.018065,             0.00538,             0.00538,             0.00538
                 142,            0.031523,             0.04136,           0.0097902,             0.74884,             0.72656,             0.77136,             0.52294,            0.030942,            0.010908,            0.018579,            0.005347,            0.005347,            0.005347
                 143,            0.031246,            0.042291,           0.0096038,              0.7687,             0.71408,             0.76396,             0.51715,            0.031278,            0.011174,            0.017907,            0.005314,            0.005314,            0.005314
                 144,            0.031517,            0.041826,            0.010194,             0.77524,             0.73287,             0.77165,             0.52352,            0.031253,            0.010898,            0.016941,            0.005281,            0.005281,            0.005281
                 145,            0.031194,            0.040682,           0.0097649,             0.75357,             0.73583,             0.77805,             0.52358,            0.031591,            0.010856,            0.015831,            0.005248,            0.005248,            0.005248
                 146,            0.031445,            0.041892,            0.010194,             0.78815,             0.72849,             0.78423,             0.53424,            0.031291,            0.010783,            0.015543,            0.005215,            0.005215,            0.005215
                 147,            0.030994,            0.040759,           0.0095728,             0.74893,             0.74964,             0.78331,             0.52784,             0.03149,            0.010777,            0.015491,            0.005182,            0.005182,            0.005182
                 148,            0.030742,            0.041969,           0.0098843,             0.81876,             0.72351,             0.78961,             0.53583,            0.031229,            0.010701,            0.015534,            0.005149,            0.005149,            0.005149
                 149,            0.030256,            0.040532,           0.0090722,             0.78754,             0.73826,             0.78437,             0.53198,            0.031458,            0.010715,            0.017411,            0.005116,            0.005116,            0.005116
                 150,             0.03051,            0.040217,           0.0094193,             0.77874,             0.72642,             0.77996,             0.52603,            0.031967,            0.010888,            0.017425,            0.005083,            0.005083,            0.005083
                 151,            0.030874,            0.040464,             0.01005,             0.77734,             0.70847,             0.76842,              0.5274,             0.03191,             0.01085,            0.018007,             0.00505,             0.00505,             0.00505
                 152,            0.030737,             0.03995,           0.0097491,             0.81899,             0.69212,             0.77725,             0.53183,            0.031438,            0.011049,            0.017107,            0.005017,            0.005017,            0.005017
                 153,            0.030885,            0.042123,            0.009557,             0.79713,             0.71861,             0.77712,             0.53322,               0.031,            0.010807,            0.017406,            0.004984,            0.004984,            0.004984
                 154,             0.03079,            0.040839,           0.0096773,             0.76321,             0.73971,             0.77498,             0.53222,            0.031294,             0.01081,             0.01815,            0.004951,            0.004951,            0.004951
                 155,            0.031232,            0.041097,           0.0097159,             0.81027,             0.68902,             0.78104,             0.53606,             0.03132,            0.010825,            0.017742,            0.004918,            0.004918,            0.004918
                 156,            0.030713,            0.041004,            0.010058,             0.79534,             0.71226,             0.78187,             0.53481,            0.031225,            0.010844,            0.017642,            0.004885,            0.004885,            0.004885
                 157,            0.031008,            0.040992,           0.0096025,             0.81069,             0.71117,             0.78533,             0.53719,            0.031259,            0.010769,            0.017454,            0.004852,            0.004852,            0.004852
                 158,            0.030915,            0.041636,           0.0098532,             0.79782,             0.72969,             0.78551,             0.53519,            0.031023,            0.010749,             0.01811,            0.004819,            0.004819,            0.004819
                 159,            0.030135,            0.040194,           0.0093008,             0.80112,             0.71988,             0.77669,             0.53372,            0.031069,            0.010788,            0.018676,            0.004786,            0.004786,            0.004786
                 160,            0.030219,            0.041158,            0.009586,             0.77237,             0.72221,              0.7742,             0.52487,            0.030884,            0.010764,            0.018718,            0.004753,            0.004753,            0.004753
                 161,            0.030274,            0.039959,           0.0095121,             0.77162,             0.72533,             0.76753,             0.53068,            0.030891,            0.010671,            0.019311,             0.00472,             0.00472,             0.00472
                 162,            0.030259,            0.040488,           0.0097979,             0.78699,             0.71927,             0.76893,             0.52955,            0.031006,             0.01081,            0.018991,            0.004687,            0.004687,            0.004687
                 163,            0.030326,            0.040955,           0.0093421,             0.78877,             0.71514,             0.77129,             0.53156,            0.031028,            0.010778,            0.018345,            0.004654,            0.004654,            0.004654
                 164,             0.03042,            0.041481,           0.0092527,             0.84232,             0.67552,             0.77596,             0.53388,             0.03077,            0.010914,            0.017687,            0.004621,            0.004621,            0.004621
                 165,            0.030314,            0.039664,           0.0095103,             0.76566,             0.73431,             0.77367,             0.52772,            0.031009,            0.010938,            0.018036,            0.004588,            0.004588,            0.004588
                 166,            0.030233,            0.040555,             0.00979,             0.74254,             0.74664,              0.7764,             0.53377,            0.030822,            0.010904,            0.018376,            0.004555,            0.004555,            0.004555
                 167,            0.029868,            0.039512,           0.0096027,             0.79155,             0.71389,             0.77962,             0.53379,            0.030881,            0.010892,            0.017766,            0.004522,            0.004522,            0.004522
                 168,            0.030657,            0.038193,           0.0094381,             0.76002,             0.74138,             0.77514,             0.53558,            0.030837,             0.01087,            0.018045,            0.004489,            0.004489,            0.004489
                 169,            0.030024,            0.040528,           0.0091564,             0.78219,             0.73562,             0.77924,             0.53221,            0.030893,            0.010884,            0.018315,            0.004456,            0.004456,            0.004456
                 170,            0.030044,            0.040949,           0.0092416,             0.80372,             0.69635,              0.7802,             0.53207,            0.030781,             0.01088,            0.018427,            0.004423,            0.004423,            0.004423
                 171,             0.03023,            0.040709,           0.0096684,             0.80694,             0.70306,             0.77761,             0.53147,            0.030802,            0.010913,            0.018512,             0.00439,             0.00439,             0.00439
                 172,            0.030004,            0.040679,           0.0092849,             0.73981,             0.75073,             0.77646,             0.53422,            0.030884,            0.010864,            0.017103,            0.004357,            0.004357,            0.004357
                 173,            0.029866,            0.040208,           0.0092538,             0.80114,             0.70087,             0.77681,              0.5366,            0.031175,            0.010933,            0.017251,            0.004324,            0.004324,            0.004324
                 174,            0.029976,            0.039012,           0.0090636,             0.77319,             0.74411,             0.78578,             0.53875,            0.031182,            0.010827,            0.017502,            0.004291,            0.004291,            0.004291
                 175,            0.030576,            0.041701,           0.0094936,             0.77412,             0.74325,             0.78598,             0.54287,            0.031177,            0.010795,            0.018047,            0.004258,            0.004258,            0.004258
                 176,            0.029697,            0.040257,           0.0090906,             0.77917,             0.74684,             0.78767,             0.53888,            0.031017,            0.010825,             0.01794,            0.004225,            0.004225,            0.004225
                 177,            0.029773,            0.039629,           0.0089283,             0.78055,              0.7302,             0.78069,             0.53251,            0.031124,            0.010985,            0.018396,            0.004192,            0.004192,            0.004192
                 178,            0.029746,            0.039102,           0.0088174,             0.77119,             0.73799,             0.77945,             0.53042,            0.031023,            0.010946,            0.018283,            0.004159,            0.004159,            0.004159
                 179,            0.030219,            0.040683,           0.0093323,             0.76191,             0.74861,             0.77403,             0.52948,            0.030882,            0.010993,            0.018476,            0.004126,            0.004126,            0.004126
                 180,            0.029672,            0.040688,           0.0088578,              0.7585,             0.73115,              0.7741,             0.52696,            0.030876,            0.010944,            0.017843,            0.004093,            0.004093,            0.004093
                 181,            0.029795,            0.039796,           0.0090182,              0.7507,             0.74766,             0.77569,              0.5272,            0.030993,            0.010888,            0.018099,             0.00406,             0.00406,             0.00406
                 182,            0.029865,            0.038485,           0.0096347,             0.76971,             0.73182,             0.77161,             0.52847,            0.030986,             0.01093,            0.018328,            0.004027,            0.004027,            0.004027
                 183,            0.029672,            0.039059,           0.0088844,             0.75004,             0.74166,             0.77172,             0.53196,            0.030898,            0.010924,            0.018505,            0.003994,            0.003994,            0.003994
                 184,            0.029659,            0.040166,           0.0088125,             0.78391,             0.71753,             0.77387,             0.53193,            0.030754,            0.010938,            0.018423,            0.003961,            0.003961,            0.003961
                 185,            0.029418,            0.039176,           0.0088338,             0.80311,               0.695,             0.77704,             0.53427,            0.030549,            0.010914,            0.018025,            0.003928,            0.003928,            0.003928
                 186,            0.029616,            0.037493,           0.0095567,             0.74789,             0.74637,             0.77742,             0.53445,            0.030523,            0.010858,            0.018366,            0.003895,            0.003895,            0.003895
                 187,            0.029333,            0.040241,           0.0092087,             0.77575,             0.71714,             0.77726,             0.53448,            0.030567,            0.010852,            0.018582,            0.003862,            0.003862,            0.003862
                 188,            0.029175,            0.039357,           0.0085103,             0.76679,             0.72866,             0.78285,             0.53599,            0.030601,            0.010795,            0.017869,            0.003829,            0.003829,            0.003829
                 189,            0.029552,            0.039617,           0.0091558,             0.78519,              0.7209,             0.78025,             0.53532,            0.030428,            0.010787,            0.018378,            0.003796,            0.003796,            0.003796
                 190,            0.029646,            0.040043,           0.0090467,             0.76505,               0.747,             0.78375,             0.53588,            0.030411,            0.010776,             0.01828,            0.003763,            0.003763,            0.003763
                 191,            0.029498,            0.038988,           0.0090154,             0.78415,             0.73119,             0.78671,             0.53608,            0.030396,            0.010736,            0.018325,             0.00373,             0.00373,             0.00373
                 192,            0.028885,            0.039914,           0.0088702,             0.77218,             0.74704,              0.7876,             0.53746,            0.030389,             0.01073,            0.018152,            0.003697,            0.003697,            0.003697
                 193,            0.029678,            0.040189,           0.0094282,             0.76688,             0.75448,             0.78847,             0.54105,            0.030363,            0.010779,            0.018218,            0.003664,            0.003664,            0.003664
                 194,            0.029481,             0.03847,           0.0089992,             0.82308,              0.7106,             0.78625,             0.53932,            0.030455,             0.01084,            0.017812,            0.003631,            0.003631,            0.003631
                 195,            0.029301,            0.038003,             0.00914,             0.77762,             0.73993,             0.78161,             0.53774,             0.03029,            0.010794,            0.018168,            0.003598,            0.003598,            0.003598
                 196,            0.028912,            0.038765,           0.0087782,             0.81094,             0.71881,             0.78311,              0.5367,            0.030323,            0.010819,            0.018464,            0.003565,            0.003565,            0.003565
                 197,            0.029293,            0.039311,           0.0092878,             0.80461,             0.72684,             0.78389,             0.54106,            0.030526,            0.010801,            0.018301,            0.003532,            0.003532,            0.003532
                 198,            0.029163,            0.039049,           0.0088889,             0.74883,             0.76552,              0.7825,             0.54167,            0.030553,            0.010771,            0.018213,            0.003499,            0.003499,            0.003499
                 199,            0.029082,            0.038547,           0.0090715,             0.78292,             0.73774,             0.78376,             0.54597,            0.030531,            0.010751,            0.018411,            0.003466,            0.003466,            0.003466
                 200,            0.029094,            0.038503,           0.0087782,             0.77613,             0.74401,             0.78471,             0.54289,            0.030774,            0.010746,            0.018655,            0.003433,            0.003433,            0.003433
                 201,            0.029403,            0.039992,           0.0090557,             0.75606,             0.75724,             0.78828,             0.54531,            0.030769,            0.010746,            0.018904,              0.0034,              0.0034,              0.0034
                 202,            0.028582,            0.039363,           0.0086451,             0.76288,             0.75334,             0.78668,              0.5414,            0.030825,            0.010763,            0.018976,            0.003367,            0.003367,            0.003367
                 203,            0.029047,            0.039704,           0.0087259,             0.74995,              0.7603,             0.78653,             0.53969,            0.030887,            0.010844,            0.018901,            0.003334,            0.003334,            0.003334
                 204,            0.028675,            0.038641,           0.0088447,             0.78064,             0.72478,             0.78534,             0.53556,            0.031017,            0.010913,            0.019097,            0.003301,            0.003301,            0.003301
                 205,            0.028699,            0.039246,           0.0087795,             0.73956,             0.75449,             0.78351,             0.53207,             0.03122,            0.011016,            0.018934,            0.003268,            0.003268,            0.003268
                 206,            0.029028,            0.039194,           0.0087599,             0.74317,             0.75483,             0.78074,              0.5305,            0.031228,            0.010997,            0.018786,            0.003235,            0.003235,            0.003235
                 207,            0.028713,            0.037235,           0.0084636,             0.73949,               0.756,             0.78368,             0.53305,            0.031165,            0.010972,            0.019001,            0.003202,            0.003202,            0.003202
                 208,            0.028678,            0.037564,           0.0086773,             0.78156,             0.71718,             0.78496,             0.53447,            0.031156,            0.010968,            0.018912,            0.003169,            0.003169,            0.003169
                 209,            0.029016,             0.03814,           0.0089882,             0.76557,             0.73467,             0.78512,             0.53671,            0.031075,            0.010952,            0.018504,            0.003136,            0.003136,            0.003136
                 210,            0.028677,            0.037407,           0.0089599,             0.76616,             0.73572,             0.78497,             0.53661,            0.031013,            0.010957,            0.018553,            0.003103,            0.003103,            0.003103
                 211,            0.028403,            0.037459,           0.0086643,              0.7522,             0.75096,             0.78306,             0.53736,            0.030995,            0.010992,            0.018508,             0.00307,             0.00307,             0.00307
                 212,            0.028632,            0.038922,           0.0086735,             0.78642,             0.72025,             0.78218,             0.53776,            0.030937,            0.010996,             0.01847,            0.003037,            0.003037,            0.003037
                 213,            0.028958,            0.038422,           0.0087437,             0.78404,             0.72833,              0.7839,             0.53594,            0.030855,            0.011004,            0.018433,            0.003004,            0.003004,            0.003004
                 214,             0.02822,            0.039208,           0.0084033,             0.75455,             0.74812,             0.78149,             0.53357,            0.030776,            0.011024,            0.018385,            0.002971,            0.002971,            0.002971
                 215,              0.0288,            0.038189,           0.0086689,             0.77479,             0.71812,             0.77891,             0.53328,             0.03084,            0.011034,            0.018279,            0.002938,            0.002938,            0.002938
                 216,            0.028536,            0.037844,           0.0087603,             0.80509,             0.70456,             0.77865,             0.53271,            0.030907,            0.011059,             0.01805,            0.002905,            0.002905,            0.002905
                 217,            0.028516,            0.037261,           0.0089158,             0.79801,             0.70557,             0.77802,             0.53271,            0.030881,             0.01108,            0.017929,            0.002872,            0.002872,            0.002872
                 218,            0.028589,            0.037372,           0.0087287,             0.78911,             0.71115,             0.77662,             0.53372,            0.030913,            0.011126,            0.017851,            0.002839,            0.002839,            0.002839
                 219,            0.028211,            0.038309,           0.0083359,             0.81304,             0.68807,             0.77696,             0.53492,            0.030815,            0.011096,            0.017902,            0.002806,            0.002806,            0.002806
                 220,            0.028635,            0.038894,           0.0085065,             0.84143,             0.67004,             0.78263,             0.53863,            0.030754,            0.011046,            0.017855,            0.002773,            0.002773,            0.002773
                 221,             0.02848,            0.037758,            0.009061,             0.73751,             0.75333,             0.78389,             0.54173,             0.03074,            0.010975,            0.017772,             0.00274,             0.00274,             0.00274
                 222,            0.028298,            0.038499,           0.0085052,             0.75843,              0.7437,             0.78437,             0.54282,              0.0307,            0.010924,            0.017837,            0.002707,            0.002707,            0.002707
                 223,            0.027871,             0.03759,           0.0079679,             0.75064,             0.74675,             0.78256,             0.54173,            0.030688,            0.010927,            0.017723,            0.002674,            0.002674,            0.002674
                 224,            0.028559,            0.038987,           0.0087865,             0.83797,             0.67731,             0.77979,             0.54064,            0.030694,            0.010927,            0.017749,            0.002641,            0.002641,            0.002641
                 225,            0.027883,            0.037889,           0.0082986,             0.75304,             0.74108,             0.78066,             0.54001,            0.030656,            0.010953,            0.017773,            0.002608,            0.002608,            0.002608
                 226,            0.028251,            0.037402,           0.0081091,             0.75984,               0.739,             0.78222,             0.54191,            0.030633,            0.010953,            0.017555,            0.002575,            0.002575,            0.002575
                 227,             0.02755,             0.03784,           0.0082639,             0.78139,             0.72419,              0.7815,             0.54248,            0.030621,            0.010959,            0.017553,            0.002542,            0.002542,            0.002542
                 228,             0.02813,            0.037747,           0.0086187,             0.80286,             0.70742,             0.78039,              0.5396,            0.030688,            0.011009,            0.017551,            0.002509,            0.002509,            0.002509
                 229,            0.027838,            0.036564,            0.008486,             0.78159,             0.71812,             0.78053,             0.53726,            0.030753,            0.010999,            0.017537,            0.002476,            0.002476,            0.002476
                 230,            0.027519,            0.037443,           0.0083031,                0.79,             0.71259,             0.78282,             0.53818,            0.030692,             0.01097,            0.017692,            0.002443,            0.002443,            0.002443
                 231,            0.027935,            0.037664,           0.0083186,              0.7909,               0.712,             0.78234,             0.53653,            0.030658,            0.010951,            0.017991,             0.00241,             0.00241,             0.00241
                 232,            0.028483,            0.039027,           0.0085186,             0.81371,             0.69461,             0.78285,             0.53727,            0.030694,            0.010937,            0.018119,            0.002377,            0.002377,            0.002377
                 233,            0.027761,            0.038772,           0.0079491,             0.81936,              0.6953,             0.78337,             0.53843,            0.030664,            0.010907,            0.018219,            0.002344,            0.002344,            0.002344
                 234,            0.027975,            0.037346,           0.0083531,             0.82086,             0.69295,              0.7842,             0.53854,             0.03065,            0.010931,            0.018195,            0.002311,            0.002311,            0.002311
                 235,            0.027877,            0.039645,           0.0081757,             0.77019,             0.73531,             0.78343,             0.53835,            0.030631,            0.010933,            0.018158,            0.002278,            0.002278,            0.002278
                 236,            0.028143,            0.036755,           0.0087085,             0.79522,              0.7152,             0.78361,              0.5399,             0.03057,            0.010931,            0.018217,            0.002245,            0.002245,            0.002245
                 237,            0.028155,            0.036925,            0.008602,             0.79856,             0.72132,             0.78492,             0.53901,            0.030581,            0.010903,             0.01826,            0.002212,            0.002212,            0.002212
                 238,            0.028267,            0.038072,           0.0086764,             0.78919,             0.72586,             0.78567,             0.53939,            0.030596,            0.010902,            0.018324,            0.002179,            0.002179,            0.002179
                 239,            0.027749,            0.036095,           0.0079337,             0.80132,             0.71829,             0.78459,             0.53851,            0.030579,            0.010881,            0.018467,            0.002146,            0.002146,            0.002146
                 240,            0.027709,            0.039896,           0.0082961,             0.81575,             0.70655,             0.78519,             0.54119,            0.030581,            0.010888,            0.018435,            0.002113,            0.002113,            0.002113
                 241,            0.027537,            0.036149,           0.0079911,             0.81928,             0.70479,             0.78506,             0.54016,            0.030603,            0.010918,            0.018502,             0.00208,             0.00208,             0.00208
                 242,            0.027943,            0.037898,           0.0083509,             0.81423,             0.71504,             0.78376,             0.53979,             0.03058,            0.010933,            0.018605,            0.002047,            0.002047,            0.002047
                 243,            0.027041,              0.0345,           0.0079008,             0.80879,             0.71319,             0.78157,             0.54155,            0.030588,            0.010956,            0.018636,            0.002014,            0.002014,            0.002014
                 244,            0.027559,            0.037661,            0.008164,             0.80116,             0.71806,             0.78273,             0.54099,             0.03058,            0.010966,            0.018618,            0.001981,            0.001981,            0.001981
                 245,            0.027213,            0.036154,            0.007932,             0.82784,               0.703,              0.7823,             0.54046,            0.030557,            0.010969,            0.018551,            0.001948,            0.001948,            0.001948
                 246,            0.028117,            0.038934,           0.0082027,             0.82225,             0.70682,             0.78083,             0.54003,            0.030576,            0.010989,            0.018623,            0.001915,            0.001915,            0.001915
                 247,            0.027235,            0.035993,           0.0079922,             0.82415,             0.70271,             0.77971,             0.54027,            0.030542,            0.011014,            0.018654,            0.001882,            0.001882,            0.001882
                 248,            0.027482,            0.036151,           0.0079515,             0.83012,             0.70015,             0.77998,             0.53818,            0.030564,             0.01102,            0.018719,            0.001849,            0.001849,            0.001849
                 249,            0.027538,            0.036439,           0.0080596,             0.82746,              0.6981,             0.77639,             0.53752,            0.030562,            0.011026,            0.018856,            0.001816,            0.001816,            0.001816
                 250,             0.02722,            0.038055,           0.0079446,             0.81334,             0.70259,             0.77582,             0.53776,             0.03057,            0.011032,            0.018853,            0.001783,            0.001783,            0.001783
                 251,            0.027892,            0.037667,           0.0084108,             0.82704,             0.68929,             0.77849,             0.54019,            0.030547,            0.011036,            0.018854,             0.00175,             0.00175,             0.00175
                 252,             0.02786,            0.038242,           0.0078576,             0.81431,             0.69434,             0.77762,             0.54006,            0.030544,            0.011026,            0.018871,            0.001717,            0.001717,            0.001717
                 253,            0.026907,            0.036355,           0.0082971,             0.82115,              0.6943,             0.77998,             0.54041,            0.030518,            0.011038,            0.018911,            0.001684,            0.001684,            0.001684
                 254,            0.027372,            0.037745,           0.0079312,             0.81778,             0.69297,              0.7806,             0.54157,            0.030532,            0.011072,             0.01892,            0.001651,            0.001651,            0.001651
                 255,            0.027369,            0.038866,           0.0079494,             0.79558,             0.70758,             0.78093,             0.54242,            0.030492,            0.011073,            0.019013,            0.001618,            0.001618,            0.001618
                 256,            0.027009,            0.037946,           0.0081917,             0.83193,             0.68019,              0.7795,             0.54183,            0.030478,            0.011074,            0.019043,            0.001585,            0.001585,            0.001585
                 257,            0.027419,            0.037555,            0.007908,             0.78077,             0.72637,             0.77952,             0.54003,            0.030474,            0.011083,            0.019008,            0.001552,            0.001552,            0.001552
                 258,            0.027033,            0.036338,           0.0080074,             0.77152,             0.73435,             0.78022,             0.53852,            0.030458,            0.011087,            0.019045,            0.001519,            0.001519,            0.001519
                 259,            0.027555,            0.038094,           0.0081483,              0.7653,             0.73586,             0.78037,             0.54062,            0.030447,            0.011088,             0.01905,            0.001486,            0.001486,            0.001486
                 260,            0.026941,            0.035619,           0.0078543,             0.76239,             0.74093,             0.78021,             0.54238,            0.030433,            0.011091,            0.018958,            0.001453,            0.001453,            0.001453
                 261,            0.026762,             0.03558,            0.007804,             0.76625,             0.74211,             0.78163,              0.5423,            0.030445,            0.011088,            0.018877,             0.00142,             0.00142,             0.00142
                 262,            0.026731,            0.036745,           0.0076276,             0.77242,             0.73496,              0.7814,             0.54283,            0.030422,            0.011078,            0.018874,            0.001387,            0.001387,            0.001387
                 263,            0.026861,            0.035911,           0.0078039,             0.79129,             0.71821,             0.78157,             0.54178,              0.0304,            0.011087,            0.018823,            0.001354,            0.001354,            0.001354
                 264,            0.026829,            0.035941,           0.0078258,             0.79652,             0.71589,              0.7818,              0.5423,            0.030385,             0.01109,            0.018741,            0.001321,            0.001321,            0.001321
                 265,            0.027645,            0.037047,           0.0081647,             0.79574,             0.71925,             0.78083,             0.54352,            0.030411,            0.011094,            0.018722,            0.001288,            0.001288,            0.001288
                 266,            0.026448,             0.03727,           0.0075886,             0.79299,             0.72041,             0.78065,             0.54335,            0.030432,            0.011109,            0.018704,            0.001255,            0.001255,            0.001255
                 267,            0.027097,            0.036942,           0.0078774,             0.81362,             0.70347,             0.78064,             0.54382,             0.03044,            0.011118,            0.018663,            0.001222,            0.001222,            0.001222
                 268,            0.026836,            0.036084,           0.0080804,             0.80709,             0.71031,             0.78071,             0.54264,            0.030417,            0.011112,            0.018681,            0.001189,            0.001189,            0.001189
                 269,            0.026702,            0.035682,           0.0080319,               0.808,             0.70947,             0.78127,              0.5433,            0.030434,            0.011118,            0.018669,            0.001156,            0.001156,            0.001156
                 270,            0.026606,            0.035325,           0.0076074,             0.80927,             0.70826,             0.78126,             0.54191,            0.030446,             0.01112,            0.018666,            0.001123,            0.001123,            0.001123
                 271,             0.02688,            0.036863,           0.0080069,               0.811,             0.70419,             0.78086,             0.54041,             0.03045,            0.011138,            0.018649,             0.00109,             0.00109,             0.00109
                 272,            0.026997,            0.037215,             0.00788,             0.79469,             0.71642,             0.78081,             0.54029,            0.030453,            0.011151,            0.018657,            0.001057,            0.001057,            0.001057
                 273,            0.026948,            0.036501,           0.0080912,             0.79658,             0.71701,             0.78043,              0.5395,             0.03048,            0.011153,            0.018641,            0.001024,            0.001024,            0.001024
                 274,            0.026172,            0.036565,           0.0075259,             0.79974,             0.71398,              0.7807,             0.53981,            0.030485,            0.011151,            0.018613,            0.000991,            0.000991,            0.000991
                 275,            0.026497,            0.036391,           0.0080173,             0.79627,             0.72098,             0.78146,             0.54093,            0.030493,            0.011145,            0.018577,            0.000958,            0.000958,            0.000958
                 276,            0.026645,            0.037226,           0.0078643,             0.78711,             0.72447,             0.78161,             0.54022,            0.030497,             0.01114,            0.018565,            0.000925,            0.000925,            0.000925
                 277,            0.026349,            0.036297,           0.0076602,             0.78703,              0.7245,             0.78128,             0.54106,            0.030504,            0.011139,            0.018572,            0.000892,            0.000892,            0.000892
                 278,            0.026454,            0.036161,            0.007635,             0.78852,             0.72524,                0.78,             0.53961,            0.030508,            0.011134,            0.018638,            0.000859,            0.000859,            0.000859
                 279,            0.026311,            0.036963,           0.0075385,             0.79142,             0.72533,             0.78084,             0.54046,            0.030509,            0.011129,            0.018655,            0.000826,            0.000826,            0.000826
                 280,            0.026021,            0.034996,           0.0073582,             0.79149,             0.72612,              0.7811,             0.53958,            0.030522,            0.011129,            0.018677,            0.000793,            0.000793,            0.000793
                 281,            0.026369,            0.034821,           0.0076916,             0.79352,             0.72423,             0.78244,             0.54041,            0.030526,            0.011125,            0.018701,             0.00076,             0.00076,             0.00076
                 282,            0.026183,            0.035288,            0.007601,             0.79355,             0.72368,             0.78326,             0.54108,            0.030532,            0.011126,            0.018724,            0.000727,            0.000727,            0.000727
                 283,            0.026402,            0.034527,           0.0073518,             0.79064,             0.72482,             0.78399,             0.54142,            0.030529,            0.011128,            0.018716,            0.000694,            0.000694,            0.000694
                 284,            0.026089,            0.035121,           0.0071443,             0.79026,             0.72457,             0.78438,             0.54179,            0.030533,            0.011131,            0.018709,            0.000661,            0.000661,            0.000661
                 285,            0.026368,            0.035293,           0.0077022,             0.80014,             0.71742,             0.78402,             0.54088,            0.030524,            0.011135,            0.018725,            0.000628,            0.000628,            0.000628
                 286,            0.026044,            0.036168,           0.0072094,             0.79255,             0.72384,             0.78298,             0.54044,            0.030522,            0.011137,            0.018755,            0.000595,            0.000595,            0.000595
                 287,            0.026127,            0.034643,           0.0075142,             0.79932,             0.72201,             0.78298,             0.54194,            0.030517,            0.011147,            0.018786,            0.000562,            0.000562,            0.000562
                 288,            0.026115,            0.037362,           0.0072229,             0.80225,             0.72143,             0.78245,             0.54047,            0.030496,            0.011144,            0.018825,            0.000529,            0.000529,            0.000529
                 289,            0.026605,            0.035197,           0.0078454,             0.80666,             0.72074,             0.78447,             0.54144,             0.03049,            0.011153,            0.018874,            0.000496,            0.000496,            0.000496
                 290,            0.025651,            0.035125,           0.0069625,             0.80972,             0.72069,             0.78359,             0.54092,            0.030482,            0.011154,            0.018898,            0.000463,            0.000463,            0.000463
                 291,            0.025541,            0.035683,           0.0069986,             0.80031,             0.72396,             0.78266,             0.54068,            0.030474,            0.011154,            0.018938,             0.00043,             0.00043,             0.00043
                 292,            0.026061,            0.035174,           0.0075874,              0.8083,             0.72235,             0.78371,             0.54201,            0.030475,            0.011156,            0.018987,            0.000397,            0.000397,            0.000397
                 293,            0.025599,            0.034943,           0.0071143,             0.80794,             0.72224,             0.78401,             0.54191,            0.030475,            0.011167,            0.019028,            0.000364,            0.000364,            0.000364
                 294,            0.026537,            0.036988,           0.0078476,             0.80903,             0.72127,             0.78397,             0.54178,             0.03048,            0.011173,            0.019057,            0.000331,            0.000331,            0.000331
                 295,            0.026699,            0.036187,           0.0078703,             0.80878,             0.72058,             0.78401,             0.54071,             0.03049,            0.011177,             0.01908,            0.000298,            0.000298,            0.000298
                 296,            0.025453,            0.034258,           0.0075155,             0.81123,             0.71921,             0.78389,             0.54113,            0.030498,            0.011183,            0.019091,            0.000265,            0.000265,            0.000265
                 297,            0.025574,            0.035576,           0.0070545,             0.81018,             0.72091,             0.78398,               0.541,            0.030496,            0.011188,            0.019118,            0.000232,            0.000232,            0.000232
                 298,            0.025525,             0.03442,           0.0071931,             0.80974,             0.71826,             0.78344,             0.54068,            0.030494,            0.011193,            0.019154,            0.000199,            0.000199,            0.000199
                 299,            0.025785,            0.034876,           0.0070233,             0.80496,             0.71989,             0.78332,             0.54096,            0.030487,            0.011196,            0.019158,            0.000166,            0.000166,            0.000166
